PLI_alpha_cost,PLI_alpha_lungime_medie,PLI_alpha_coeficient_clusterizare,PLI_alpha_eficienta_globala,PLI_beta_cost,PLI_beta_lungime_medie,PLI_beta_coeficient_clusterizare,PLI_beta_eficienta_globala,WPLI_alpha_cost,WPLI_alpha_lungime_medie,WPLI_alpha_coeficient_clusterizare,WPLI_alpha_eficienta_globala,WPLI_beta_cost,WPLI_beta_lungime_medie,WPLI_beta_coeficient_clusterizare,WPLI_beta_eficienta_globala,coherence_alpha_cost,coherence_alpha_lungime_medie,coherence_alpha_coeficient_clusterizare,coherence_alpha_eficienta_globala,coherence_beta_cost,coherence_beta_lungime_medie,coherence_beta_coeficient_clusterizare,coherence_beta_eficienta_globala,emotie
0.0768417874396134,0.1105614151118536,0.4053049289891395,10.231882413386888,0.0416882332643201,0.057436705188898,0.3025416104363473,19.52663209287952,0.1303994746307643,0.1829982593975065,0.4770790612895876,6.185980191281878,0.0604006326557401,0.0865757651172627,0.4664502164502164,13.179972983875423,0.2911993448632549,0.3225665814265134,0.6280625806941597,2.813624647381504,0.2589482199199246,0.3337882469753149,0.5476000607579553,3.484006091059208,1.0
0.0766475340136053,0.1046046830038057,0.4499810131389079,10.919257793128242,0.0535282953761214,0.0789140095609392,0.4541353383458646,14.489693111143351,0.0924722754362939,0.1388120427360893,0.5805878332194121,8.275620193758883,0.0696209158914337,0.0981142984484935,0.4772958036115932,11.499544995543609,0.4092897212044029,0.6212334921129753,0.638729399255715,1.877806563240889,0.40785743789209,0.6170418164279041,0.5874248558459086,1.916030542034616,1.0
0.0929771969174142,0.1396561426714934,0.5795702491522924,8.222183006329221,0.0379747732426303,0.0580632716049381,0.4107427660059238,19.77629890346583,0.0753426069679077,0.105474946281649,0.3534859876965139,10.628404249884165,0.070431846877054,0.1056236952147417,0.546102727681675,10.715500661230172,0.7299191825706425,0.8542199618279436,0.6761002155738998,0.8405966893966312,0.7356621774824195,0.7351023173301676,0.6788544788544788,0.7709573120536688,1.0
0.1273363814124684,0.1772863872644573,0.429850266692372,6.370714304792412,0.0520195578231292,0.0795652325257587,0.4064733512101933,14.400093192934646,0.1406655370464242,0.2063770977316716,0.4499164578111947,5.572043922193856,0.044813207806546,0.0604043878286554,0.4516974253816359,18.987433716731072,0.8002712168630948,0.6346989555268197,0.6845295055821372,0.656223872879018,0.7747864362732351,0.6086282767833289,0.6725677830940989,0.6832006719925003,1.0
0.0747318553025074,0.1074778961292118,0.4470570365307208,10.73634983566242,0.038162094547964,0.056676703332405,0.5260006075795549,20.175167180438923,0.0894948899590932,0.1244494200808671,0.6557229148560418,9.071670031221093,0.1024545227751549,0.1556228375390601,0.5066527040211252,7.405484891725808,0.4160107678566854,0.4920840693135733,0.6195374800637957,1.84175279118514,0.4045412101630348,0.3754869468046086,0.6071542492595124,1.954774179384494,1.0
0.1553154474350126,0.1965518541724681,0.4684639921482028,4.6613834279532,0.0568783068783068,0.0833724937343357,0.4970304549251917,13.841430154085362,0.0955345729631245,0.1433177150933014,0.46950330371383,8.041762617158144,0.0478836735595479,0.0672891423639835,0.3716640085061138,16.80282840158793,0.4189482753632323,0.6755163853715987,0.629710640236956,1.7798698574231526,0.3267477539619343,0.428622474460604,0.7326346168451433,2.158298049848449,1.0
0.0914603462157809,0.1318110090039914,0.4670615933773829,8.6871428918209,0.0426623245916723,0.0617849600853986,0.4680965233596813,18.265770488073613,0.0860023511628011,0.1162975602577385,0.426296802612592,9.786365331952103,0.0366052257906781,0.0513593360390661,0.4700147805410961,21.90922620229451,0.7194568715387705,0.7088863479037607,0.6725610646663278,0.7947214070127607,0.7684694250594852,0.774529439733883,0.6839885260937892,0.735434489729924,1.0
0.1286375661375661,0.1896654251369163,0.4463302779092253,6.059657631760718,0.0907774039567517,0.135436972059779,0.4887142097668413,8.503098284295161,0.0945799096828527,0.1332119310366767,0.561297182349814,8.55507686564395,0.0534184771899415,0.0770175042911842,0.4186716791979949,14.553702725294116,0.4021321431516422,0.5947545585600327,0.6115086667718247,1.955044257133012,0.4048954815290764,0.5784366285655933,0.7005275426328058,1.968783582482532,1.0
0.1575511847250977,0.20041858117516,0.3085023163970532,4.481993530153742,0.0856769036116861,0.1348756729787431,0.5061850430271483,8.815966097892277,0.1239550232418983,0.1735887884146633,0.4255259360522518,6.445791479333975,0.0648811746229333,0.0850307164720878,0.3488987620566567,10.942214996039224,0.7220414961480279,1.0326674204017012,0.730899217741323,0.9139539131177876,0.7123980145747224,0.9692758538531384,0.7285609127714391,0.9457370631231634,1.0
0.0801199102829537,0.1125542444073145,0.4145629224576593,10.099946410216926,0.0431441326530612,0.0598153369534947,0.5194299852194589,19.04806124038581,0.1431904915528797,0.2088686668622845,0.4106326422115895,5.457301066884414,0.0530831959565945,0.0784360045079891,0.4902065770486822,14.603313702660277,0.7510779719372878,0.5818918104027095,0.6724842409052936,0.7140141381288687,0.7509602942018421,0.4665465006306665,0.653227766385661,0.6526759329355101,1.0
0.0966758684149988,0.1399070593149539,0.6199960857855595,8.024197337384255,0.0510157867494823,0.0710369674185462,0.4593596462017515,15.886478807218865,0.0919658808874294,0.124186215000228,0.4504997926050557,9.1123871268077,0.043772420946541,0.0634951820938938,0.4427014505961874,17.788393504037934,0.6341812527942772,0.6438818703492392,0.6664540138224347,0.9516966005958708,0.5693635419320094,0.488281287122474,0.6300044984255511,1.1679618995164245,1.0
0.1540426587301587,0.1700779727095515,0.4888015493278652,4.174990164648393,0.0761768173452955,0.0956035923141185,0.557969807969808,9.508454637591155,0.2668225737355221,0.3390488653631749,0.5611109221016343,2.671963331880676,0.1120123591946895,0.1628969831502366,0.5322116480011218,6.953229849592959,0.890522295223072,0.5902234571575995,0.6564213564213566,0.5334423339422695,0.926146002830887,0.6139082867945813,0.6561403508771929,0.5060263350398378,1.0
0.1197233724407637,0.1721549243479067,0.3917293233082706,6.559510389718649,0.0462675408327581,0.0678200129954515,0.4416043021306179,16.62581649291865,0.083476837352074,0.1224105650625425,0.4637117268696215,9.241902021430729,0.0783321262835672,0.1078399747322566,0.433454849244323,10.437923249948708,0.3423037564939362,0.4650134359540721,0.5380914407230196,2.440014160399781,0.3977408445906792,0.5683181979231436,0.5594478620794411,1.99664171689522,1.0
0.0847962675408327,0.1195944142764317,0.3546251993620415,9.467754788960962,0.0404229928686449,0.0572205977907731,0.5397021107547424,19.56257231272704,0.1059266057377547,0.1497075102342623,0.4911284621810938,7.491547777602899,0.0746580746572615,0.1097058372540251,0.33100116258011,10.173527455581509,0.3395202136747351,0.4807902135617508,0.6045910230120757,2.4561599590759733,0.3377493802217426,0.3798387694404343,0.5771003849951217,2.385036303405976,1.0
0.1162906889809063,0.1666536131996657,0.4266689450899977,6.800937913403387,0.0360827664399092,0.0487967604195673,0.4505809979494191,23.82570528817684,0.1472346082343985,0.2136124021583905,0.4581772029140449,5.2881294341366845,0.0909928989940324,0.1319857119231764,0.4850421508316246,8.702295723793258,0.3919905981320167,0.5043746425733279,0.6961871461871462,1.81684016457592,0.3325796834924791,0.4397767350979309,0.7512285959654381,2.118330031547713,1.0
0.1706852426961122,0.2590213960827995,0.500694042799306,4.355551610944485,0.0995226593052679,0.1250507634827809,0.5885389464336833,7.2929506074528,0.1133763074397131,0.1623723212179032,0.4673919647603859,6.902274409303331,0.0601882824285368,0.0880781328729056,0.5177188308767255,13.051216411585536,0.7626390062241335,0.614157268652442,0.6419042945358735,0.6905359913939042,0.8260030348149582,0.5258853543727049,0.6632139790034526,0.5791090905030716,1.0
0.065189200680272,0.0919558734799962,0.5685976304397357,12.306122631628948,0.0848106452726017,0.1255511463844796,0.5552757184336131,9.100008637604333,0.1178952032410211,0.1718664195496826,0.3726013752329542,6.642259393512604,0.0490123924206307,0.0698893460031703,0.4268929900508848,16.09525626142917,0.9420120707232428,0.6364729218480228,0.6526695526695526,0.5002236619582412,0.9365244442820884,0.6333917804166047,0.6609022556390979,0.5030338951944663,1.0
0.062126178974005,0.0888549498746866,0.4070858965595807,12.528647930340076,0.0379322562358276,0.0555105936136636,0.4869238948186317,21.193977939230265,0.0707783858687277,0.1023662977179844,0.4395724158882053,10.997564614840355,0.0799686324391149,0.1184925956434467,0.5465125517757097,9.798914841128225,0.4825535218623659,0.7054855093669479,0.5980367585630744,1.6407396471987616,0.5176243476432459,0.7723611654298245,0.747167160325055,1.511680751008703,1.0
0.1124122958362088,0.119733651257774,0.5250185487027592,5.949871165296775,0.0752997757073843,0.1181193725053373,0.5075757575757575,10.11954370694485,0.0926427901388463,0.1287110598807816,0.6572017164122427,8.884063184031305,0.0493552118938456,0.0706030848761908,0.6355396065922382,16.144190761770115,0.3307751869960579,0.4703364055690878,0.5729209387104125,2.431779876027306,0.2930764714441602,0.36704787132769,0.5510746563378142,3.1200506363284592,1.0
0.0742933344835518,0.1123961524180821,0.5685723633092054,10.320388980714068,0.0747893662295836,0.1062407175345771,0.3648743069795701,10.594595391530294,0.1309849861161732,0.1627546527565847,0.3737373737373736,5.490901824355637,0.0719915238334372,0.0902878026840436,0.4823801929065085,9.997581186988482,0.4842614540421842,0.6990772447665481,0.6978203083466241,1.6609288980049466,0.4432532841911022,0.638382598986332,0.708260452997295,1.8019784132355807,1.0
0.0810580572808833,0.1200483848510163,0.6249487354750513,9.440701268667684,0.0584922072693811,0.0896729671400723,0.4025240841030315,13.186096508282706,0.1083322881095217,0.1366444056788832,0.464084745663693,6.551629032596986,0.0625373522265201,0.090647144894654,0.4377610693400166,12.634344325024472,0.75778192640242,0.7625265139052951,0.613237639553429,0.757017325270802,0.7736096512030664,0.6133672614417021,0.6649540517961572,0.6848065285047373,1.0
0.0903640441683919,0.1344623131903833,0.5423103212576895,8.502633710629473,0.0502573613986656,0.0697258191775735,0.3969445758919444,16.343444520026907,0.1232439867501688,0.1882605772311158,0.6067911620543199,6.068670819735354,0.0318368014237453,0.043539238000633,0.4169590643274854,26.35986277131788,0.49531440950524,0.6962109245832088,0.6525392735919052,1.6430258825666448,0.4725251809478246,0.6945672762485948,0.7790437632542895,1.6942927876450868,1.0
0.081762566137566,0.117929372041214,0.4421969843022474,9.597737247543478,0.0353296813894639,0.0502819548872179,0.5232647469489574,22.299876116977195,0.1814391326584731,0.275541287598986,0.5397135028713976,4.148487475633071,0.1295667013031675,0.2035462924842223,0.5040614356403831,5.714145080199532,0.4924468269102085,0.7035448778439971,0.7358395989974937,1.6464645781386535,0.4750764896307982,0.661348328635759,0.736485152274626,1.7678592509111817,1.0
0.0715328099838969,0.097599322380024,0.3981051112630059,11.61353106372787,0.030198552425665,0.0419625452520188,0.502408118197592,27.121101715804937,0.1696862588742675,0.2178702329480648,0.3648185148185148,4.071437101611068,0.1089037301761866,0.1149051864942109,0.4711788211788212,6.11938456087398,0.5532561028841075,0.562495323688995,0.6289876789876792,1.2996113731395156,0.4943178252373489,0.5648802691006927,0.6785714285714287,1.6378531344076386,1.0
0.0934444731999079,0.136542165599183,0.4215007215007215,8.24460488248385,0.0379140786749481,0.0526170750951452,0.5224845330108487,21.52078641948585,0.1191801713508977,0.1461096280419676,0.5563749116380695,6.172814132043457,0.0496297331805613,0.0713120503076964,0.4737259816207185,15.856388669385192,0.6417136456432204,1.0470459013539,0.6784502047659942,1.1214707289902233,0.6623628939039975,1.1017049681956037,0.6512767933820566,1.0692697262110025,1.0
0.0643367552334943,0.0907781606794763,0.4057463004831425,12.301555212538606,0.0358400908672647,0.0554482270491041,0.5753135753135754,20.74894738439775,0.0939501493387676,0.129080510592359,0.4849107033317559,8.780453576643485,0.0470548826087601,0.0648396771030343,0.4860157386473175,17.4205880153176,0.4615173067325184,0.5854838586442986,0.5595357858515754,1.9688492026514248,0.45378433809183,0.5893559122629118,0.5410501778922833,2.019712058031937,1.0
0.0655444847020933,0.0929580896686159,0.593859649122807,12.4028140028025,0.0743580342765125,0.0954048895386614,0.4988131751289646,9.554611966917475,0.1095069367043291,0.1677427836046881,0.5357198357198357,6.889522352645894,0.0457272861799706,0.0661165078148539,0.5007562612825771,17.355699552683642,0.9083361680366152,0.6049982913207212,0.614221158958001,0.5215987584707517,0.9456609510048456,0.6293043592462954,0.6674071542492596,0.4946648255283281,1.0
0.1238533758914193,0.1634627657105726,0.5613074060442481,7.0424486439352965,0.0513824189095927,0.0758406432748537,0.4678552441710336,15.025116994572754,0.0939628648736841,0.1289227169122423,0.6389516915832706,8.779620109590834,0.0772827331978976,0.0902367882702995,0.5610367272905972,10.127871551907946,0.4852179613402018,0.6209624592522056,0.7567727594043384,1.472600287609002,0.5384249687832755,0.4751521053613714,0.7101728680676049,1.1690113285022996,1.0
0.0751128651943869,0.1067120927318295,0.4748955722639932,10.583833603328063,0.047820335863814,0.0674023020514247,0.4305209410472568,16.681924806225442,0.077340090748878,0.1045846992581312,0.4682697419539525,10.856428839508435,0.0575001606314087,0.0834472012525437,0.4872674109516215,13.727191735803403,0.8180251779136455,0.6588440757303643,0.6170919723551304,0.6375803843575861,0.8000160059481256,0.5051664136844777,0.647603858130174,0.6047088722734891,1.0
0.1355999827467218,0.1936496333426157,0.5294277360066835,5.829784479445093,0.1039689728548423,0.127085653949689,0.5388859678333362,7.1072758118991,0.2255982284983726,0.2435462028959797,0.5855157999894842,2.870518480924692,0.1156589946664234,0.1727813968137489,0.4301672012198329,6.552098077156822,0.3464973221422679,0.4485340501599455,0.635930735930736,2.063315456470932,0.3412032444257026,0.4601131010208515,0.6789093946988685,2.054928340223107,1.0
0.1036814182194616,0.1229477049104241,0.6430773904458115,7.434272975015405,0.0438844317920404,0.0618023647080663,0.5049973418394471,18.061833026201093,0.1124132683025565,0.1640579972673502,0.4268815979342296,6.95230211597735,0.0538542385583031,0.0738774927050207,0.4761904761904761,15.437331383527622,0.8591354437859939,0.8339744397126752,0.7074448942869996,0.6554010797377249,0.798577887499328,0.7725921209957001,0.6617668880826775,0.7125263594679677,1.0
0.0752710202438462,0.111585387078808,0.4671964000911369,10.294454005164836,0.0601025132275131,0.0907506033602524,0.3204278177962388,12.313105047270763,0.1262124188055423,0.1854319273921991,0.5663176005281269,6.141324352882577,0.0839036661764069,0.1186246858135822,0.4109630135945925,9.511709263021796,0.9567315212406446,1.4329797658880288,0.6171299460773144,0.5838302303893017,0.9647726513270146,1.0521456571284578,0.6979228373965215,0.5588457917455035,1.0
0.1569077812284333,0.2330058363501345,0.6025614736141052,4.931661323370619,0.0380542615596962,0.0538557040750022,0.3831180515391041,21.109510102718613,0.1723158108749857,0.2607149061611498,0.4583188741083477,4.367302184092477,0.0647485745452968,0.0935663720280665,0.4600782258676995,12.129497255782418,0.6113115683687719,0.9911321397499628,0.6888964836333258,1.205302901764716,0.6918230689584514,0.9556511462493512,0.7316376605850291,0.971554487084792,1.0
0.1919175580860363,0.2946443075280794,0.4910763213394792,3.913058970849752,0.1058308891189325,0.1537190777870601,0.516750208855472,7.38404470328821,0.0831979025924887,0.1193575480657651,0.4867357788410419,9.569907999951129,0.0615278111998803,0.078087976441288,0.4306447938026885,11.522008686238474,0.7290171331578087,0.8164106405543433,0.729665071770335,0.8615219048670347,0.6909053929721316,0.9515955048615524,0.6681236891763207,0.9727913486721268,1.0
0.0907594317920404,0.1384595748630835,0.4417976760082023,8.33308441458615,0.0707276570048308,0.1057229300102106,0.4541771094402673,10.668937090756735,0.1176430973494179,0.1701839348585391,0.441110935847778,6.60054593664688,0.0515517305074171,0.0737765256466049,0.574382927014506,15.487048261596176,0.9321219034983595,1.0020617468337074,0.7250132908027644,0.5810906011276075,0.951916848383046,1.020407899432548,0.7075833523201944,0.5688998899012289,1.0
0.1210173682999769,0.1788020398217766,0.486032680769523,6.329071377479776,0.0442885487528344,0.0606101480553234,0.4227082858661806,18.71897325972345,0.1229983881618946,0.18080704569845,0.531268679720692,6.227488426930904,0.1178960407976278,0.1431032541887096,0.5680547522652786,6.182319788052246,0.4682577040505559,0.490767885904096,0.6239424318371686,1.4573463435888243,0.5433334194439765,0.497314403388403,0.6570327333485227,1.1096350369163197,1.0
0.0969671201814058,0.1463221131532534,0.5295271979482505,8.054080108517052,0.0507192460317459,0.0621025944490856,0.5534544402965456,14.51227375846922,0.1564948267454773,0.232909640166438,0.4271701982228297,4.927041756523731,0.090445384848016,0.1420837529721864,0.5345052608210503,8.182897800566783,0.7687603640853332,0.4802668726421006,0.6274722353669722,0.6356064019520875,0.8003106144221267,0.5065715050796744,0.6508298718825035,0.601120501358188,1.0
0.11328302154195,0.1354746820755591,0.5402448428764219,6.704822335300833,0.0549588796871405,0.0779582056994337,0.4269146058619742,14.646560880720934,0.2620974374992386,0.283855746622152,0.4652800415958311,2.471525255637945,0.0472235178169131,0.0685262453989765,0.5732145047934523,16.617146060237083,0.4283286977360963,0.6240344855508589,0.7656618235565604,1.8961503479827628,0.3847132186211524,0.5407874650049382,0.688326877800562,2.18343954679736,1.0
0.240481941568898,0.3029608163928339,0.5876308933584476,2.9924469971308327,0.0887106050149528,0.1241341200222778,0.4766324318955898,9.188454288147453,0.1413411106722582,0.211481403273944,0.5107871660503239,5.382230797628388,0.0561825970068219,0.0760149128382998,0.5448089921774132,14.996914476510725,0.4688094468117544,0.5963971847368866,0.7314130314130314,1.5378013371471466,0.5723393923215278,0.5320675715637033,0.6231426468268574,1.0523533028541616,1.0
0.0925453514739228,0.1128457718369998,0.4218310928837245,7.954982558113703,0.0486996882086167,0.0662927573563537,0.500736105999264,17.17547271367211,0.1471401530399017,0.1755534851555883,0.5013690987375198,5.211896572414606,0.0535497346470109,0.0771437910877352,0.4342940685045948,14.840084034928044,0.5316716552428528,0.5524788813913809,0.6348963901595481,1.3056452010369684,0.5422650685860763,0.5666136124604939,0.5796957428536377,1.3064762903405918,1.0
0.068752794545048,0.1023072728116587,0.3613290218553376,10.980068993073694,0.057381527490223,0.0612903787245891,0.4827470774839196,11.6735783385529,0.0888507482902338,0.1346840198805239,0.4893565498828656,8.356308740929697,0.0719164891741291,0.0895049882107666,0.5353479853479854,10.24523164873617,0.3538898673447077,0.5067369353816509,0.6446229209387103,2.300210657270556,0.4072853265241949,0.5810302718626589,0.6487234987234988,1.978354111574517,1.0
0.0732390873015872,0.1020462034716419,0.4469507101086048,11.089800037722949,0.0377990568207959,0.0535714285714285,0.4675134806713754,21.04689835604396,0.0920518336189757,0.1281594437214531,0.4345788714209767,8.817061695165556,0.0517126380852141,0.0730160203973548,0.415329991645781,15.414823002790946,0.5952887001347095,0.7549597773700474,0.6311302732355364,1.2474205239406106,0.5058540657870246,0.5958353437161724,0.6151100361626677,1.9737122033108088,1.0
0.0729526109960892,0.1042783463287848,0.4806561859193438,10.885417499895585,0.0413359788359788,0.0615325930567157,0.4192848087584929,18.451421445545083,0.0829317880546048,0.1195202090402064,0.4417407154249259,9.400797054392417,0.0572681192707089,0.0821557437519033,0.4567213488266121,13.929277640594371,0.8279606562615195,0.8155205524999575,0.6445466813887867,0.6785193426344853,0.72450775192935,0.8371336636764078,0.6039279434016276,0.8614018704371189,1.0
0.1002053990610328,0.1511693005662303,0.5647376015797069,7.603343244059571,0.0504766218081435,0.0716809384572541,0.4486557302346776,16.37482186262828,0.0932653490455488,0.12864127354388,0.4330599225336068,8.71720590685233,0.0572601162418238,0.07001518395354,0.4716862085283138,13.030131861689684,0.2878134595140124,0.38006897132834,0.4972317156527683,3.039374732177919,0.2855770762359192,0.3738018973098447,0.6012949039264828,3.1021884626078187,1.0
0.1172396192776627,0.1707712568458182,0.470976684134579,6.629810402477254,0.0550878684807255,0.0733111714471363,0.4494984547616127,15.307349557843414,0.088662369357146,0.1272092108580522,0.4331662489557227,8.816555327123261,0.0506846192874009,0.0754178223684985,0.4664502164502164,15.398710725870703,0.5072351141312836,0.6185883810661655,0.6138869902027796,1.4674116216951003,0.5009729635261615,0.7480035776167309,0.5958646616541354,1.561562278571437,1.0
0.1034405912123303,0.1284330618212196,0.4734981392876131,7.056061933940255,0.0697427823786519,0.1074793465144341,0.4928951165793271,10.869558294388424,0.1384901609799662,0.2023661499528204,0.4519556466924888,5.648324704576971,0.069031972736518,0.0976633206315907,0.3877762588288904,11.438161286205688,0.4141733762413384,0.6087128417174954,0.5833940912888282,1.890401655274906,0.4284799308805089,0.6232517058935468,0.5528935976304397,1.8493681308435488,1.0
0.0959066597653553,0.1388410261765524,0.4569281595597385,8.30842309750674,0.0429426903611685,0.0628205351341315,0.4337793785162206,18.2686806627812,0.1206114262187815,0.1837547851120836,0.5229095465937571,6.139833335714745,0.0496104880453159,0.0729627204307965,0.5078217104532895,15.50940507565121,0.3960672413749496,0.514932893878082,0.6426193689351585,1.8632172511455605,0.3355357593636343,0.3120776594341145,0.5488321619900568,2.302648024594032,1.0
0.0683912755923624,0.0993702427364707,0.4206235285182654,11.408677555344813,0.0475162981859409,0.0675995544416596,0.4907382091592617,16.83773893809402,0.1782346135553149,0.2677162818767384,0.4495746943115363,4.261983542969949,0.0393368272893104,0.0603501144081756,0.5409508620034936,19.49450553006705,0.7158109790378026,1.025434514511533,0.7234963866542813,0.922212900598098,0.7669027449512691,1.1361952991031188,0.6891342575553101,0.8419305778815376,1.0
0.069812925170068,0.1018765084006311,0.4743020137756979,11.245384675333176,0.0660656774787209,0.0779799614777684,0.4038952275794381,11.68410953694658,0.2651028403010571,0.3487104465049097,0.4470231522863102,2.600037008967783,0.0983341540872932,0.1424539313515441,0.4018256597203966,7.9904480268191485,0.4691296422844992,0.6962310606745141,0.7661730082782714,1.672972619320524,0.4301892801656335,0.6019375388233109,0.7186413002202475,1.9244576762681207,1.0
0.1765483276643991,0.2643820198644759,0.4965329991645781,4.312976477832115,0.0684164366229583,0.1006842917478881,0.4153641679957469,11.320272128361765,0.1325150358187744,0.1577099456702065,0.6121296831823148,5.863824968414323,0.0529880952997203,0.0755450001108885,0.5161578187893977,15.10175435560456,0.695813937961511,1.2321145854043352,0.7506683375104428,1.0099698734906115,0.6805529474307043,0.9639917024178026,0.6869446343130553,0.979123847540346,1.0
0.1106618069933286,0.1707001879699247,0.361450245660772,6.667241696699982,0.0746419944789509,0.1095040842847859,0.5164160401002506,10.507734347594267,0.1262548436472443,0.1790541031149042,0.5355477855477855,6.325651747740119,0.0883021230448462,0.1161630644229807,0.4675020885547201,7.7974990620855,0.7885272694913691,1.167035025566858,0.6719374193058404,0.8217234312421332,0.7423311416736907,1.3664952215803068,0.7056353003721425,0.9267092890430636,1.0
0.0808071145124716,0.1141960804789751,0.5199291936134042,9.979557580136667,0.0416524943310657,0.0594179314025804,0.4402579876264086,19.158942351417263,0.115732364655273,0.1718158534667097,0.5415698336750969,6.612595221579953,0.0559336718206694,0.0780781854338892,0.4539340776182882,14.4758005585532,0.499273185617214,0.5143442253196553,0.5698108908635225,1.391318648628738,0.6715646060846469,0.4159363650353026,0.6234736024209709,0.732019530567235,1.0
0.1684099666436622,0.2411453982177665,0.5672473725105303,4.77315913412834,0.0485931389463997,0.0700753620161514,0.5186147186147186,16.210074389988975,0.0938287659808883,0.1349426668613243,0.3537593984962406,8.412987663734608,0.044115176718602,0.0627283159833604,0.3986291486291486,17.83834970160201,0.4382518273276942,0.5691204150701308,0.6059878717773454,1.6600018131055554,0.3552428478196607,0.338904011715172,0.5285030758714968,2.110033153053619,1.0
0.0806937358276643,0.1065452984312632,0.5455039112933848,10.761211942760758,0.041616344605475,0.0598907569850551,0.4909832857201277,19.15554880611487,0.2175818348994895,0.3194280623572093,0.5178058783321942,3.506079460571798,0.1212022783521775,0.1682884937757174,0.580116065564982,6.719902731117218,0.9318188641792892,0.6251974018262924,0.6166552745500115,0.5065729255627645,0.948423754825742,0.6319748695905134,0.6660287081339714,0.4929763929426328,1.0
0.08442604094778,0.117906165877657,0.5589901326743432,9.748462698197049,0.0394956291695421,0.0542560103963611,0.5095635358793253,21.209525106571995,0.0838936813417436,0.120260406909844,0.5072725520093941,9.410384020798618,0.0502690794851377,0.0742240702642362,0.4109183214446373,15.101842200638748,0.5140482408379953,0.4070894881899928,0.6930145877514299,1.3759158935376754,0.478826566005422,0.5332166903433869,0.6715857242173032,1.716119770091898,1.0
0.0660512997469518,0.0898919753086419,0.5664838085890719,12.670455267619886,0.0479461410167931,0.0690455885083077,0.5753436621857675,16.650311379532198,0.1107535825345733,0.1544450139249835,0.5397990897990897,7.289239829151984,0.0440727228908185,0.0641469214539873,0.4358471937419306,17.532922337999572,0.8095220008195719,0.5123078747548262,0.6538467380572645,0.5953741017757141,0.765367229115437,0.4819004979292288,0.648085248085248,0.6336859187728475,1.0
0.0694624166091556,0.0964926784553976,0.4222970012443697,11.736516922881258,0.0596244536461927,0.0742655249234195,0.658711274965145,12.474691016865163,0.0840988349221271,0.1146834335868457,0.3754006227690438,9.988226091423892,0.0467901714472855,0.0642141465570228,0.3957469431153641,17.57353190985331,0.9432828581253728,1.0414107075381829,0.6913343965975546,0.5699353429989858,0.9370825889602762,0.9815667327520792,0.7052403736614263,0.5835251895746459,1.0
0.1511279330572808,0.2302660586651814,0.4392078681552365,4.970060904001451,0.032583534621578,0.046705304928989,0.4592176829018933,24.29644932554766,0.083361506233497,0.1174796346646963,0.5339388681493944,9.698518942685045,0.0434077517614946,0.056431494859459,0.5774040287198181,21.46292405985894,0.5827413147839706,0.9016460953501656,0.7150337966127441,1.2848825857174704,0.5091071919051737,0.7663721914126455,0.7137470716418085,1.535186157093204,1.0
0.087520847711065,0.1065815580618211,0.3926027189185084,8.407950634833,0.0530505952380951,0.0748746867167919,0.4524644945697577,15.196477764544408,0.1167385177517406,0.1631718558789727,0.5131897342423658,6.96471518647342,0.0751515353949617,0.0895725698488284,0.5403181613707929,10.129546966823504,0.8638219388680886,0.8446321324544087,0.6936838015785385,0.6497697544941811,0.7508958152630022,0.8634622323863783,0.643716517400728,0.8291115339753654,1.0
0.103131469979296,0.1512954840805717,0.5470246128140865,7.664189408759175,0.0496894409937887,0.070529332590736,0.4299530878478247,16.050461582079304,0.1369727566838759,0.1683259741948589,0.4350833377149167,5.377242918585925,0.0516054335528695,0.0688813367753095,0.4032806374911639,16.510291090512307,0.3334413726555009,0.3347663558963802,0.5900888585099111,2.7589256557036843,0.3524590246493883,0.3867671726263639,0.600883619304672,2.445272653712053,1.0
0.1114202323441453,0.1461161584516847,0.4979885611464559,6.187682870353225,0.1095511272141706,0.1394588902812586,0.495244521560311,6.281113825102861,0.2296925356653707,0.2569810898217259,0.3145629224576593,2.7413007737244115,0.0610735704282379,0.0897275750095034,0.4674925951241741,12.70581229623647,0.7190004482753886,0.8826620601859908,0.6834510518721045,0.8485678713525647,0.7367734352016133,1.3230137654012004,0.677287916761601,0.9296301634042614,1.0
0.0640384172992868,0.0924228975215816,0.5774433169170011,12.226104244165317,0.0385538877386703,0.0536120393576533,0.4432976380344801,21.44813445634935,0.1967554192709641,0.2925637943711655,0.5018834966203386,3.9365833428749775,0.0682282897797264,0.084376932040709,0.4775727196779828,10.594758075986729,0.73031961313622,0.8471292984124491,0.6735375735375735,0.8437322004880867,0.7809572897850338,0.7752484239910691,0.6955570745044429,0.7276567129917403,1.0
0.1130844547964113,0.1637383389028125,0.4498127603390762,7.0125489809276615,0.0426263802622497,0.0586999907175344,0.5161622003727268,19.414778240334265,0.1016120670312437,0.1455050902447621,0.4294272978483506,7.737298460797019,0.0567405611059184,0.0775489673209927,0.454915698336751,14.632427632797294,0.2500145729156612,0.3036923999756454,0.5057985873775348,3.8185356023362393,0.2532894581796741,0.2822192411456266,0.5189299005088478,4.107171123860991,1.0
0.1669937600644121,0.245144110275689,0.435323156375788,4.546308935135968,0.0979768990929705,0.1375704887218044,0.565631444578813,8.186426229201562,0.2017545754323217,0.3026146541350568,0.4143198906356801,3.732390400213375,0.0657926507178833,0.0946965616352888,0.530189693347588,11.934462095973984,0.6172348602045212,0.5550422945091619,0.6539022381127645,1.039565361809204,0.4750574525770885,0.4369657753442431,0.6491835649730385,1.657229125982522,1.0
0.0980741028295375,0.144635315139701,0.5228379807327176,7.812326030249898,0.0702136530940878,0.1018924626380766,0.4473950026581607,11.118842452835068,0.1180334510590685,0.1654818354413287,0.5428889823626665,6.915159102902268,0.0592873828475699,0.0816472711864105,0.4276448697501329,13.715725782600575,0.4895256114668724,0.5920258418371033,0.6422495633021948,1.544571383025387,0.5089837838261291,0.7375799070982785,0.665257841573631,1.5537856236727032,1.0
0.0919455946629859,0.1324100181008074,0.4895116579327105,8.537262512147404,0.0450957556935817,0.0626464889074537,0.4324599377230956,18.19084840857403,0.3063800109538147,0.4731723231192722,0.3797865876813246,2.3917815013808754,0.0855556426963437,0.1287337660895604,0.4361848677638151,8.976314218858262,0.3658260971045791,0.4621823229191614,0.5936242120452646,1.9611135211058328,0.3206229471474094,0.4041094908510943,0.7317650186071237,2.2542884929279907,1.0
0.0746491833448354,0.1029715492434789,0.4762322472848789,10.95142833333178,0.0395549886621314,0.0585375475726352,0.4420027341079973,19.478651168958148,0.1094104308960697,0.157919846381644,0.4927014505961875,7.115389522521325,0.0557333929942627,0.0798460481805434,0.4415052783473837,14.199264212194995,0.6398689876171603,0.598829797547489,0.6950786056049214,0.9193041115871424,0.7550027129598766,0.7431978083615279,0.6395002658160553,0.7482616971006035,1.0
0.0876071141016792,0.1259296969275039,0.5266005923900662,8.985934853619506,0.0557676270991488,0.0774607235681796,0.5211313540260908,14.895518946243374,0.2095361082147734,0.3047851547888158,0.4979923585186743,3.77071344228242,0.0564656671097821,0.0801905694843182,0.4923430370798791,14.215029505448628,0.6926735118054751,0.9711776327588098,0.7160985213616793,0.9537849404625748,0.6698857677038833,0.9615280490167448,0.7229741019214702,0.9837379558704974,1.0
0.088714199447895,0.1313410841919613,0.5131996658312449,8.659439584755464,0.0394201460777547,0.0558717395340201,0.463318552792237,20.072903014421115,0.0880342970589296,0.1288357727266421,0.4240487582592845,8.809323790301978,0.0851121651700137,0.1127759589870656,0.4736538315485684,10.12153591675529,0.7275692902149946,1.073353096424832,0.7651742993848256,0.8967430315015731,0.7255971253731598,1.0435619276679131,0.6730144124880969,0.9084772911703334,1.0
0.0778374453646191,0.1138450872551748,0.4895040631882736,10.026279432230645,0.0438089487002529,0.0611395386614683,0.4262246525404419,18.70922099241944,0.1919150015658506,0.2919337286422243,0.500755092860356,3.884931540715942,0.0413765738750212,0.0576702593605492,0.4137464874306979,19.589685576446257,0.352285007272623,0.4936515781067426,0.6554577001945423,2.348070117503551,0.3044664922142264,0.3291137998485415,0.5644300144300143,2.766335005165942,1.0
0.0737865194386933,0.109260419567437,0.4410545594756122,10.223043702416184,0.0486829997699562,0.0706250580154088,0.5071101413206677,15.943081770899044,0.1891511997706557,0.2428354730759568,0.5230442072547336,3.720399660608453,0.0488984605087185,0.0689947763849241,0.4783415414994362,16.324637036368642,0.9639748173065494,1.285772677351822,0.6433128275233537,0.5994572500758328,0.9725823563294744,1.0650772546778018,0.6979228373965215,0.5533579133163266,1.0
0.1063208616780045,0.1488457834400816,0.3925001898686109,7.464063867554577,0.0415768058431101,0.0515524923419659,0.4291273054430949,22.21305731010297,0.1071421266590435,0.1594237066070388,0.4558047215941953,7.217304626424706,0.0516964587879324,0.0728641243639627,0.4738361054150528,15.512943413625312,0.7004952450963741,1.1678101070325926,0.7173767752715121,1.0208431633708075,0.70932424932294,1.1888561869898384,0.6245961640698482,1.0015864436069986,1.0
0.0729202610996088,0.1004971920542095,0.407196020353915,11.309764090964146,0.0373928858983206,0.0564214355332775,0.4457852089431036,20.507112568048942,0.1939478742450707,0.2781946503590572,0.4643926249189405,4.0657795209148,0.0459880718999581,0.0625970237483513,0.3320118478013215,18.024898943268987,0.7566498034332068,0.8943050770404557,0.682668793195109,0.8058312870209664,0.6953522436961868,0.7971760576880066,0.7229297018770703,0.9014741984988996,1.0
0.0587833563377041,0.0811795112781954,0.4683889210204999,14.02711910440637,0.0465946342305037,0.0659461152882204,0.6025328472696894,17.90877002811774,0.1306979719532865,0.1914293872201589,0.4965958018589597,5.916025392167578,0.0691461219468675,0.0950511941001799,0.4725184172552592,11.878958234461138,0.594874928834938,0.6309754321450237,0.7357493383809173,1.160702388704821,0.4941597899052577,0.5547870944780517,0.6838611680716945,1.6532408284513422,1.0
0.0725787899700942,0.1072458344936414,0.4765667081456555,10.833200418540656,0.0478562801932366,0.0725685742133109,0.471781727044885,16.47114741255267,0.0884564558032867,0.134868477202835,0.4573441178704336,8.606976628120469,0.0812102085822986,0.0983468000963851,0.4296650717703349,9.34529711755914,0.7371548062927893,1.068809530793699,0.667010767010767,0.882210054191832,0.8115066253827058,0.9912263721675872,0.7025518341307816,0.7405680867859578,1.0
0.1571931589537222,0.1991291887125219,0.5320740662845926,4.561543883378802,0.0983077409707844,0.1534580084470435,0.4193671825250772,7.534789550215903,0.1803362262212777,0.2327443068267527,0.3086618060302271,3.8534737515077215,0.1033051445537954,0.14378546465884,0.4485762775236458,7.78989837601256,0.8151417223440168,0.8176345691717766,0.6043176122123489,0.688058270134929,0.6609928578654936,0.6215820889170217,0.6356888725309777,0.8874759801532229,1.0
0.0638371290545203,0.0920211408150004,0.4146958304853042,12.451022567271815,0.0489849321371059,0.0737462870138307,0.5659945317840055,15.463497613333727,0.1974930908753025,0.2864911841143451,0.529956593114488,3.905141343260521,0.1348071583171563,0.1706378273557108,0.4710435763067343,5.228707207589139,0.6998944073557324,1.005230024528633,0.6147598016019069,0.9418902847413336,0.7278527081284406,0.4594328090101489,0.626846545267598,0.6641733835003233,1.0
0.0918629227053139,0.1286216119001206,0.3691408007197481,8.753196323411164,0.044240280653324,0.0652934419381787,0.4768702058175743,17.739290125480608,0.1046136585651537,0.1512825156852487,0.4900599400599399,7.626090203115084,0.0522581472538039,0.0744771232151471,0.3886876281613124,15.198115027190916,0.8669449129711615,0.5543763223370909,0.6531889163468111,0.5495142160797607,0.8535542862621086,0.5467305020881587,0.6377306903622694,0.5585906339323594,1.0
0.2285807740970784,0.338170368049754,0.4654328128012338,3.374270400570009,0.046404129284564,0.0647959598069246,0.4803675856307435,17.75667609136572,0.1814096600089204,0.2257635527834885,0.4508430166324903,3.948415981549737,0.0852214977440242,0.1203867991951247,0.3599605073289283,9.514565942762768,0.9284612417306036,0.6282454039027111,0.6152730310625047,0.50740214307105,0.9408882553255662,0.6204605154712095,0.6634540897698793,0.498422332523023,1.0
0.1505743903841729,0.203088740369442,0.3963165489481278,4.491727478420211,0.0912087359098228,0.099693678641047,0.5366934235355288,7.143299618510007,0.1042966037804968,0.1162609240610963,0.4469328916697337,7.750657438125994,0.0377958717497179,0.0587295554439452,0.4627553732816889,19.86566892522953,0.505687082417123,0.5327186643267656,0.5443343206501102,1.3367848422153203,0.6950053422866215,0.5495592145833206,0.6447383026330397,0.7612067517462588,1.0
0.0847135955831607,0.1132620323958042,0.3743867243867244,10.05649298931744,0.0522702438463307,0.0725511695906432,0.6507932126353179,15.761453603831397,0.1154915003288317,0.1681563433315694,0.423829679092837,6.737201569816855,0.0730679588059926,0.0900769007830946,0.4829001407948776,9.962069997297196,0.5474624493873209,0.6867095061709169,0.5946950710108605,1.3325382713274008,0.4362383677300825,0.6209092999264907,0.5830409356725145,1.876608934353016,1.0
0.2070177708764664,0.3226889561867631,0.3786397812713602,3.511308846816075,0.0633662583390843,0.0919529727095515,0.332919419761525,12.444334756184713,0.2309441678909608,0.287190682222617,0.4842619368935158,3.16531247659704,0.0583694469600254,0.0846078850881054,0.6216952638005271,13.664418395229898,0.4676023833112139,0.4864269910838614,0.5844269765322396,1.4737922418771332,0.658476361442809,0.5165491493287139,0.6381650513229462,0.8085103227043415,1.0
0.054689297216471,0.0737839970296109,0.4428761297182351,15.44784410620714,0.0422920979986197,0.0544518124013737,0.546680220364431,20.66330188371713,0.1078258288260214,0.1665789624630045,0.4566985645933014,6.8950655291110925,0.0570424767213397,0.0804593413245855,0.4810210257578678,13.930065108639058,0.4072475617469461,0.5186370387668235,0.5497835497835498,2.244317173529974,0.4112270218353201,0.4265773216434161,0.6172628541049592,2.1707869014873125,1.0
0.086216068553025,0.1237961802654784,0.3922001974633553,9.18717185147586,0.0563031976075453,0.0820076812401373,0.4081453634085213,14.1333699741304,0.0706841788821399,0.0979947525050509,0.5296555783397888,11.59757737229973,0.0638001157571811,0.0786944980935766,0.5056656793498899,11.420810033666774,0.669366515261677,1.0488075713954876,0.5944342207500103,0.9659691819754206,0.7426533333697931,1.096742225842417,0.6917658365026788,0.8755005399528867,1.0
0.0811224489795918,0.1114113408521302,0.509242803979646,10.31295280719118,0.0327057453416148,0.0476117956929359,0.5120075830602147,23.532138935865547,0.0899053849454275,0.1327054331469341,0.5117490696438065,8.517490968123763,0.0444018258426088,0.0642762220281333,0.5281461228829649,17.71727253690096,0.5319895621610797,0.6571348048680804,0.6257765626186679,1.3903500028249898,0.5442329651285326,0.8076168401210413,0.6756930204298626,1.423094873344589,1.0
0.1893331608005521,0.194815743061357,0.468709360814624,3.609205684502502,0.1050401138716355,0.1314803211733035,0.559839283523494,6.902543412934239,0.0713957314526022,0.0945895003863691,0.5332440950862004,11.992620417158946,0.0501643319481033,0.0689461168314725,0.513507252980937,16.585595057162752,0.4828255575424579,0.6081488341156411,0.5801739196476038,1.518252072495362,0.4296987488929942,0.657365779284646,0.6518872939925572,1.814720332770199,1.0
0.1208879687140556,0.1458855472013366,0.5518525334314808,6.264559718761696,0.0467132505175982,0.0677431425786688,0.4173107594160226,16.993895119204016,0.1230584908050597,0.1806834984427033,0.4845525819210029,6.346976174791242,0.0615619059792256,0.0857315714653458,0.4846513135986821,13.096303018130422,0.6569994773910854,0.6212916025235283,0.6776104012946117,0.8864959599810364,0.7640074882121785,0.7543535479505108,0.6890825548720286,0.7386835003237497,1.0
0.0679886991028294,0.0920095377332218,0.5010082023239918,10.519728983181492,0.0273176903611685,0.0382785667873386,0.4534223086854667,29.55684469449378,0.0819798013085764,0.1144955037542192,0.5157059314954051,10.112127938865706,0.0430694000873482,0.0613846707351396,0.5444298391666813,18.30638327054528,0.6592270202895427,0.9262032717429962,0.7053049289891395,1.0215135248558482,0.5745612638368137,0.7558909659444943,0.6633059922533606,1.2197716331563475,1.0
0.0907738095238094,0.1226808340295181,0.612299688615478,9.49095781012038,0.0409190246146767,0.0598704515919427,0.4344649502544239,19.179683401880585,0.0985894369544857,0.1388681718292159,0.4195260879471406,8.249768690529324,0.0506832739737534,0.0721958258160446,0.3959759538706907,15.66030377914263,0.784878608270622,0.6170581645750647,0.6667426141110353,0.6725794844572459,0.7462075048459867,0.5895767068149681,0.6057150451887295,0.7141275732661437,1.0
0.1000546353807223,0.1492170820569943,0.6436697805118857,7.511424030383943,0.0277921555095467,0.0392300194931773,0.4606592238171185,29.1866407545734,0.1383762201752531,0.1955052430767111,0.5382737145895041,5.850083844038198,0.0662312686793645,0.0933080481078356,0.43696099222415,12.236528667923634,0.5977688192296272,0.4311432788227352,0.6677830940988837,0.9842816380672604,0.5214333424777273,0.6117371306399678,0.688299127772812,1.49012608375702,1.0
0.0854432654704393,0.1278326023391812,0.4286777549935445,8.963796766901364,0.0432733781918564,0.0641592406943283,0.4691209375419902,17.613084380240533,0.1499475741223279,0.2041172406168964,0.4959169485485275,5.662849205697171,0.0418073329127289,0.0637340568960842,0.4699096225412015,17.81067186820369,0.5261260496380564,0.526288459043707,0.7069979727874466,1.399172803181745,0.4890182066952002,0.5664143247967515,0.6146616541353384,1.601502233124749,1.0
0.1183179491603404,0.1455795159194281,0.5509064035379824,6.3693303795247225,0.0442906027145157,0.0634456511649493,0.4259976865240023,17.867055090107883,0.0970420778268374,0.1391524456483093,0.5010585905322748,8.143074619504645,0.0449709575804669,0.0649819397401391,0.4685539606592239,17.509050434241974,0.647744069344123,0.9034059072640764,0.6845750740487585,1.0281371876390024,0.6339673291710484,0.8864506756879541,0.6744892534366219,1.047799804752263,1.0
0.056767290249433,0.0852681472199015,0.5830391830391831,13.27484706552827,0.0260657793209876,0.0320520630279401,0.4684032341927078,35.42403328401112,0.10837248981258,0.1575621591639849,0.4010717352822615,7.172521226395748,0.0751080154337092,0.0927579369038586,0.5419755940653773,12.578565234502724,0.6621820619467411,1.099415877395585,0.7395084447716027,1.0793921411170049,0.6479093410398058,0.926495588180632,0.704205443679128,1.0353807149133976,1.0
0.1084116919714744,0.1542948807203192,0.3862649046859572,7.2511917992464445,0.0448549286864503,0.064125881834215,0.3764110158847002,17.670407856164566,0.2116743363495725,0.2724129059456907,0.4508844956213377,3.337194429318998,0.0817815548410036,0.1211388578120905,0.4753664464190779,9.32991699476436,0.5888484983763712,0.9209988953031978,0.6689012741644321,1.283140981823646,0.7573701634265992,1.1982600898360571,0.6098842677790046,0.8385545021230166,1.0
0.0858674085576259,0.1273568759862618,0.3807499518025833,8.963224935665703,0.0538229875283446,0.0782018704167826,0.5205534231850021,14.477092586959865,0.079814638865034,0.1172779889335349,0.4354370775423407,9.652473440818468,0.0530326191354009,0.0720578220971047,0.4570631123262703,15.768818507780846,0.6945583888664243,1.1890648714261003,0.7259816207184627,1.0253893287207485,0.6026663399854352,0.6880539439324572,0.6938026885395306,1.0654891143607752,1.0
0.0701489533011271,0.1021622342894272,0.4968630784420257,11.5890184344105,0.03288906142167,0.0401568156502366,0.4705925653294075,22.627226394261346,0.2078726314925721,0.3095904172139105,0.4761895998738105,3.630727346516338,0.0671037024849406,0.1006338733277496,0.4197121591858433,11.368365382071357,0.8376521625168003,0.9981941739084358,0.6427747690905585,0.7233844609676835,0.8018934396215558,0.7672260038783182,0.702146683725631,0.7112351090011374,1.0
0.0724817402806533,0.1018083402951823,0.4840928077770183,11.24936012547314,0.0385035656774786,0.053739673257217,0.3822738664843928,21.131613403963613,0.1027633590759515,0.1495113014823205,0.392360563413195,7.574906737086044,0.0615700252954002,0.090413203979102,0.4708950406318827,12.553709571498578,0.3632198061201658,0.4308607250659061,0.6573040994093626,2.126381601757082,0.396377526775307,0.4285699420972281,0.6789339315655106,1.6992979815469438,1.0
0.1089939901081205,0.1120016476376124,0.5041864568180356,6.383049391381536,0.0478275247296985,0.0612048059964725,0.4095939148570728,18.54847951826704,0.1275091500574317,0.1556761586189276,0.4264744027901923,5.786080032669154,0.0897331001978291,0.1410726036281794,0.5877268929900509,8.39593262830224,0.792510847464746,0.6290852717113827,0.6414407230196705,0.6646013402586474,0.8095784067397087,0.5136414724335623,0.6556087187666136,0.5948504102512079,1.0
0.1688664596273291,0.2453805230669264,0.559248792143529,4.557078993014096,0.1125057510927075,0.1462336396546922,0.4584769032137452,6.174435589934117,0.0996740007317602,0.1334661152475704,0.5144831776410724,8.618808703523758,0.0488599894544799,0.0725722887017574,0.5344136857294752,15.77386722942088,0.376202044937226,0.5790049067493395,0.626368952684742,2.0007036132396223,0.3280315391941781,0.3497798271430993,0.6859497227918281,2.094233095055917,1.0
0.1050580860363468,0.1488834934558618,0.5002506265664162,7.622418478808142,0.0679144310306281,0.0878846421609578,0.5112781954887218,10.237112505745523,0.0780189717838705,0.1168696802119395,0.5097744360902255,10.019265583175205,0.0686995779800309,0.1014659021824631,0.2400205058099794,11.080617388029289,0.7854710932690377,0.9144019973370344,0.6791381133486395,0.7791909912292698,0.6989876015073471,0.7997905255608951,0.7024811445864078,0.9037899641489258,1.0
0.1503623188405796,0.2290636893158821,0.4681730550151603,4.944870823830064,0.1071859903381642,0.1306840596862526,0.4372939925571504,6.93643420413771,0.0865731878829945,0.1177663792485249,0.4551431025115235,9.594665023298491,0.0589529089777203,0.0876492473662941,0.4522290574922153,13.36603022494348,0.635478117842342,0.933258714665484,0.6573896863370547,1.0517982245477169,0.5522597740359009,0.7932527830073897,0.6465937571200729,1.2411783613123095,1.0
0.0700051759834368,0.0979880256196044,0.5945427379637905,11.514673244032997,0.0422022371750632,0.0607377819548871,0.5758510495352602,18.79384397859345,0.0835784234049235,0.1178920003687939,0.5159109895952001,9.670802306006872,0.0598989863625816,0.0798007875781432,0.455191299928142,14.12377443045984,0.8410642627076542,0.5341697151941407,0.6569217332375227,0.5696113401284076,0.8317920221882888,0.5227402250262853,0.6161198450672135,0.5787582985604434,1.0
0.1126387451115711,0.1614815394968903,0.4076858813700919,7.034095313119561,0.0358170351473922,0.050728673535691,0.3497038049669628,22.067346308843856,0.1022072574066648,0.1426566397401939,0.4547619047619047,7.927000252596503,0.0693369368054284,0.0973716312462953,0.464307622202359,11.68140459140648,0.6893204269131771,0.804256398846848,0.5939306307727361,0.924816881806864,0.6023285599176103,0.788531734277382,0.6116591011327853,1.2293745747592295,1.0
0.0733479986197377,0.103602466815186,0.5946854315275367,10.835228568731305,0.0589163503565677,0.082319514062935,0.5925513083407821,13.841485147868026,0.2146418764151595,0.3236242525160104,0.3903774587985114,3.536131729488209,0.0712042267997787,0.1020063430558981,0.5190168190942184,10.860658424545854,0.679722686364461,0.983391755505856,0.7766265897844845,0.977668968824553,0.6915532943544562,0.9584732835345904,0.7302022538864645,0.9700882138241986,1.0
0.0799725385323211,0.1110385918499952,0.4447140578719526,10.34867151117507,0.0391361858753162,0.0590843428014479,0.5223817118553961,19.78117353411379,0.1356760027776316,0.19745728319603,0.3305460621250095,5.728435419934197,0.0553650164185851,0.080642598354529,0.3853991038201564,14.017927942390896,0.45411332080082,0.575172186357841,0.5234183944710262,2.0335839775769173,0.3941606142059213,0.4890212577809358,0.5858737753474597,2.392361751980012,1.0
0.0911907637451115,0.1043508655899005,0.4814761262129683,8.832064054531829,0.1019841269841269,0.120705409356725,0.5839287905077379,9.602456055617646,0.0879594305078956,0.101139219295524,0.6337890179995442,9.271438224928207,0.0864013412986513,0.1033124096538257,0.600501253132832,8.565743521113003,0.4695204813807462,0.5769258296919451,0.6211437685121894,1.5944975842776798,0.5952549687452338,0.3577106925429183,0.6178315836210574,0.8590991236662656,1.0
0.1028762652403955,0.1471372296481944,0.5184723171565275,7.856219222082018,0.0497361686220381,0.0596195349484822,0.4264411027568922,15.152143273111044,0.0926068018774561,0.1467067729401,0.4759170653907494,8.028618868264644,0.0276114399895229,0.0355257385897332,0.5378209509788457,32.416694732256104,0.8254608224066644,0.822694620643567,0.6638399612083822,0.6806448561723882,0.7620756883609008,0.7513451659454711,0.6672742462216145,0.7460477309450473,1.0
0.0924883540372669,0.1173593706488442,0.4876830771567614,7.822125716483873,0.0680462100299056,0.1021172723475354,0.3988607883344725,11.13739077966205,0.0992905802007454,0.1407690558132047,0.6007992007992008,8.176253221300657,0.0481955874144007,0.0664566993902942,0.5460077933762144,17.120625893620034,0.269218543402744,0.3781846432140477,0.6783175888439047,3.1209111040425848,0.2885039607826385,0.2873265365373927,0.6484535931904352,2.5709328229598603,1.0
0.1133538832199546,0.1676819363222871,0.477625006572375,6.857172662684602,0.0566231021394064,0.0801700431634641,0.4403917719707192,14.204028520763725,0.093068770428565,0.1334879365404596,0.4393901420217209,8.4971758713549,0.0693365528243773,0.0944013758690705,0.3712614870509607,12.000608016596177,0.5440176881121398,0.7003975365855705,0.612451583504215,1.3220024638044092,0.6429864053302455,0.5019515600271153,0.6402977139819244,0.8433264708014452,1.0
0.1240618530020703,0.1690017868745938,0.4179995443153338,6.744320017723508,0.046713100749559,0.065133899563724,0.4328738512949038,17.321668949968068,0.1222622753280864,0.19206970221353,0.4851359167148641,6.125857080851985,0.1479668447958969,0.1783041592554411,0.4435292777398039,6.344423142216935,0.5229118035956263,0.6174056833068837,0.6694957089693933,1.5064660404769945,0.4368811295927351,0.562324568163422,0.6635869977975242,1.7689427970971192,1.0
0.0659614389233954,0.0934396175624245,0.4479152426520847,12.132226003759966,0.0514902518978605,0.0692994059222128,0.4537442090073669,16.485823960500237,0.1352704242267428,0.1459014298127793,0.4993620414673046,5.047103280017956,0.0564893789380902,0.0755577109836625,0.4377128719233982,15.11992753432387,0.5825716932228987,0.63808409980297,0.6316128316128315,1.145896174603209,0.5977295882699311,0.5523865210610478,0.6837548416495786,1.019927927740989,1.0
0.0656523176903611,0.0899325860948667,0.4902576955208534,12.676565323457115,0.0466916839199447,0.0643477907732293,0.5481990231990232,17.774223035853883,0.1501356267494371,0.1771662965397664,0.4462671831092882,5.075365915328828,0.059000462950241,0.0848990044962794,0.4867205893521683,13.332221449998787,0.335729562391393,0.4462271980816596,0.6425264793685848,2.6010784961489337,0.324563940157713,0.4753101609797455,0.5842219184324449,2.5100562425880466,1.0
0.0660081665516447,0.085362422259352,0.398611914401388,13.37092924348883,0.0404481538992407,0.0596790007425971,0.4566509513877935,19.468032142942167,0.0954473010622848,0.1345873181260574,0.4074352548036759,8.46497591866615,0.049262232461904,0.0677787525966392,0.4054340396445659,16.569637130306266,0.8469369958259256,0.8387253427072658,0.6381215275952118,0.6612881792976991,0.7343270023319455,0.9927801118699984,0.6250153355416513,0.9192531109055356,1.0
0.102937370600414,0.1459551656920077,0.3993202703729019,7.807502110039646,0.0538805498044627,0.0740508679105169,0.3798856114645588,15.370933387357985,0.14354079817253,0.1520734981643441,0.5530393583025162,4.589452754129676,0.0603282317011264,0.0653497691636216,0.4933852697010592,10.733919096741468,0.4898682841122782,0.5925424975240698,0.612280701754386,1.533050616144178,0.483366353040822,0.6991713906852896,0.7078909394698868,1.6505375693353084,1.0
0.1054642569588221,0.1422566833751043,0.4617966828493143,8.005316816813702,0.0538229376257544,0.0762641557597696,0.6867499459604721,15.438469701239612,0.1315312707230209,0.1762886451661521,0.5453923269712743,6.456216384730404,0.0876333759996347,0.1242564062261299,0.4318333713070554,9.18720943379492,0.6852888258246526,0.6625510668960896,0.6759930128351181,0.835164784854306,0.7431554490900123,1.2110353963897988,0.649537596906018,0.8416974081903418,1.0
0.2154797335600906,0.2712669985148054,0.5144700930304645,3.308980676711599,0.0924416264090176,0.1389570569943376,0.5986037354458407,8.229155280477814,0.0901704997890939,0.1280497517465086,0.3841591157380631,8.893590583196834,0.0493558951427312,0.0722693503740799,0.4889029099555415,15.52408216941445,0.4656808793918459,0.5604953527887835,0.6394281157439051,1.6318158482455338,0.5361339497757249,0.797531184423273,0.6633439659755448,1.4553262179256523,1.0
0.1091485507246376,0.1465121136173767,0.5630541972647237,7.706798235361965,0.072923752834467,0.1071109486679661,0.4345143160932634,10.68316537403059,0.1384336133242162,0.13008958653726,0.4645629224576593,4.313045949909792,0.0944757972456502,0.1414704887235308,0.6515013967800346,7.842263609746745,0.4024119692716233,0.4893875954728939,0.6085116637748216,2.412342843037908,0.4077600104329771,0.5118919686078912,0.6681818181818182,2.3304545224863547,1.0
0.0903640441683919,0.1331845238095237,0.6392446734551999,8.661363393432016,0.0505668934240362,0.073093613663789,0.5643692564745195,15.981330212207126,0.1085651381383859,0.1571138382693099,0.4349358244095087,7.218872769337962,0.0449092726737879,0.0658502239426735,0.5200171173855385,17.44932166412135,0.5505776153523075,0.5433199872442587,0.7146473409631303,1.3578559882209735,0.4747635347594486,0.4678020314334274,0.6795943822259612,1.6229706364406995,1.0
0.1643806073153898,0.20345713821591,0.3897812713602187,4.456403936280032,0.0621800954681389,0.0922807597697947,0.4792435634540897,12.315774413313502,0.1212430104161173,0.1603598210976067,0.4387407913723702,5.7186493225729365,0.0478879084957468,0.0667050085644895,0.5311019389966758,17.24528302905817,0.5421806369044604,0.7074413735616089,0.6277587909166854,1.3320906568864448,0.4122113500767667,0.5842636830557087,0.5793574846206424,2.0330050702678584,1.0
0.0605805728088336,0.0840672282558246,0.5870705318073739,13.770284820768223,0.0434423165401425,0.0520021117608836,0.5597934229513177,21.991160537754247,0.093202429934188,0.1250593410537167,0.4498168498168498,9.140842208083024,0.0493377378169823,0.0700149886610266,0.3207070707070706,16.11364816349182,0.4715022600602147,0.6931775410704656,0.5545147834621518,1.7238516403424589,0.4865949343482801,0.4208387217558603,0.6068098568098567,1.3519556909650703,1.0
0.0971323613986656,0.145905852594449,0.5479172873909716,7.850269476543556,0.0839462868480725,0.1201165529564651,0.3851078745815588,9.399074642133266,0.1116915261366301,0.1654555989551022,0.4393103972051341,6.770615439215927,0.0407647966245181,0.0583990375429261,0.4645211513632566,19.515519321445417,0.6140177127670707,0.838103687366455,0.6096499991236835,1.1594566378840545,0.6411433251894487,0.5063350090299066,0.6190134426976533,0.8494161818122199,1.0
